slot;param_name
0;!STATE
1;NAVPNT
2;SFXREC
3;DOOR
4;SPEED
5;!STATE
6;NAVPNT
7;SFXREC
8;MSG
9;TIME
10;UNUSED
11;!STATE
12;WEATHERIF0
13;WEATHERIF1
14;MONREC
15;XTILE
16;YTILE
17;ZTILE
18;BSPNUM
19;MONINIT
20;MAXSLOT
21;MAXCOUNT
22;ABSFLAG
23;BSPNUM
24;DESTNAV
25;LASTNAV
26;BSPNUM
27;DESTNAV
28;LASTNAV
29;DOOR
30;SPEED
31;!STATE
32;NAVPNT
33;DELAY
34;SFXREC
35;DOORA
36;DOORB
37;SPEED
38;!STATE
39;NAVPNT
40;SFXREC
41;MONA
42;MONB
43;MONC
44;MOND
45;!STATE
46;STATUS
47;!STATE
48;!SWITCH
49;STATUS
50;!SWITCH
51;EFX
52;SFX
53;SPELL
54;OBJNUM
55;YOFFSET
56;!BOUNDNUM
57;!BOUNDNUM
58;!SWITCH
59;!SWITCH
60;POOL
61;BSPNUM
62;RADIUS
63;XTILE
64;YTILE
65;ZTILE
66;FIRE
67;BSPNUM
68;RADIUS
69;XTILE
70;YTILE
71;ZTILE
72;PROPID
73;TWIDTYPE
74;VALUE
75;TDATA
76;ITEM
77;XTILE
78;YTILE
79;ZTILE
80;BSPNUM
81;!STATE
82;!BOUNDNUM
83;DOOR
84;SPEED
85;!STATE
86;NAVPNT
87;OPENDELAY
88;CLOSEDELAY
89;SFXREC
90;!STATE
91;!BOUNDNUM
92;DOOR
93;SPEED
94;NAVPNT
95;OPENDELAY
96;CLOSEDELAY
97;SFXREC
98;!STATE
99;DOORA
100;DOORB
101;SPEED
102;NAVPNT
103;!BOUNDNUM
104;!SWITCH
105;STATUS
106;SEGMENT
107;BSPNUM
108;SEGSWITCH
109;SEGSTATUS
110;DELAY
111;SFXREC
112;XPOS
113;YPOS
114;ZPOS
115;DOORA
116;DOORB
117;SPEED
118;!STATE
119;NAVPNT
120;SFXREC
121;!STATE
122;DOORA
123;DOORB
124;SPEED
125;NAVPNT
126;!BOUNDNUM
127;!SWITCH
128;STATUS
129;SEGMENT
130;BSPNUM
131;SEGSWITCH
132;SEGSTATUS
133;DELAY
134;SFXREC
135;XPOS
136;YPOS
137;ZPOS
138;DOORA
139;DOORB
140;SPEED
141;!STATE
142;NAVPNT
143;SFXREC
144;DOOR
145;SPEED
146;!STATE
147;NAVPNT
148;!STATEACT
149;SFXREC
150;DOORA
151;DOORB
152;SPEED
153;!STATE
154;NAVPNT
155;!STATEACT
156;SFXREC
157;USEITEM
158;DAMAGE
159;POISON
160;ITEM
161;XTILE
162;YTILE
163;ZTILE
164;BSPNUM
165;!SWITCH
166;STATUS
167;DELAY
168;MSGONE
169;MSGTWO
170;DOOR
171;SPEED
172;NAVPNT
173;MAXMOVE
174;MOVEACCUM
175;MOVEDIR
176;SFXREC
177;ITEM
178;XTILE
179;YTILE
180;ZTILE
181;BSPNUM
182;!WOCCUPIED
183;YROT
184;NOSELECT
185;ITEM
186;XTILE
187;YTILE
188;ZTILE
189;BSPNUM
190;!WOCCUPIED
191;XITEM
192;YROT
193;NOSELECT
194;DOOR
195;SPEED
196;!STATE
197;NAVPNT
198;SFXREC
199;!WOCCA
200;ITEMA
201;!WOCCB
202;ITEMB
203;!WOCCC
204;ITEMC
205;!WOCCD
206;ITEMD
207;!STATE
208;STATUS
209;!STATERESET
210;STATUSRESET
211;ITEM
212;XTILE
213;YTILE
214;ZTILE
215;BSPNUM
216;!WOCCUPIED
217;XITEM
218;!STATE
219;STATUS
220;YROT
221;NOSELECT
222;EFX
223;SFX
224;SPELL
225;OBJNUM
226;YOFFSET
227;XTILE
228;YTILE
229;ZTILE
230;BSPNUM
231;ITEMA
232;!STATEA
233;!EVENTA
234;ITEMB
235;!STATEB
236;!EVENTB
237;ITEMC
238;!STATEC
239;!EVENTC
240;STATUS
241;!EVENTA
242;!EVENTB
243;!EVENTC
244;!EVENTD
245;!STATE
246;STATUS
247;DOOR
248;SPEED
249;!STATEA
250;!EVENTA
251;!STATEC
252;!EVENTC
253;STATUS
254;!SWITCH
255;SWSTATUS
256;NAVPNT
257;DELAY
258;SFXREC
259;!STATETOTEST
260;!STATE
261;STATUS
262;!SWITCH
263;SWSTATUS
264;!STATE
265;BSPNUM
266;NAVPNT
267;SPEED
268;DOOR
269;SPEED
270;!STATE
271;NAVPNT
272;DELAY
273;!SWITCH
274;SWSTATUS
275;SFXREC
276;DOORA
277;DOORB
278;SPEED
279;!STATE
280;NAVPNT
281;DELAY
282;!SWITCH
283;SWSTATUS
284;SFXREC
285;!STATEA
286;!STATEB
287;!STATEC
288;!STATED
289;COMBO
290;!STATE
291;STATUS
292;BSPNUM
293;NAVPNT
294;SPEED
295;!STATE
296;BSPNUM
297;NAVPNT
298;SPEED
299;!STATE
300;XTILE
301;YTILE
302;ZTILE
303;BSPNUM
304;GROUND
305;OBJNUM
306;!BOUNDNUM
307;!STATEA
308;!STATE
309;STATUSOFF
310;STATUSON
311;!SWITCH
312;SWSTATUSOFF
313;SWSTATUSON
314;!STATEA
315;BSPNUM
316;NAVPNT
317;SPEED
318;!STATEB
319;!STATEA
320;BSPNUM
321;NAVPNT
322;SPEED
323;!STATEB
324;!STATEA
325;BSPNUM
326;NAVPNT
327;SPEED
328;!STATEB
329;BSPNUM
330;NAVPNT
331;BSPNUM
332;NAVPNT
333;!STATE
334;BSPNUM
335;NAVPNT
336;!STATE
337;!STATE
338;!EVENTA
339;!STATE
340;!EVENTA
341;!EVENTB
342;!SWITCH
343;!STATE
344;!STATE
345;!SWITCH
346;!STATE
347;!EVENTA
348;PROPID
349;!STATE
350;ANIMON
351;ANIMOFF
352;PROPIDA
353;PROPIDB
354;EFX
355;SFX
356;SPELL
357;OBJNUM
358;YOFFSET
359;!SWITCHA
360;!SWITCHB
361;!SWITCHC
362;!SWITCHD
363;!SWITCHE
364;!SWITCHF
365;!SWITCHG
366;!STATE
367;STATUS
368;!SWITCHRESET
369;RESETSTATUS
370;!STATEA
371;!STATEB
372;!STATEC
373;!STATED
374;!STATEE
375;!STATEF
376;!STATETOGGLE
377;STATUS
378;SFX
379;!STATE
380;DOOR
381;SPEED
382;NAVPNT
383;!BOUNDNUM
384;!SWITCH
385;STATUS
386;SEGMENT
387;BSPNUM
388;SEGSWITCH
389;SEGSTATUS
390;DELAY
391;SFXREC
392;XPOS
393;YPOS
394;ZPOS
395;!STATE
396;DOOR
397;SPEED
398;NAVPNT
399;!BOUNDNUM
400;!SWITCH
401;STATUS
402;SEGMENT
403;BSPNUM
404;SEGSWITCH
405;SEGSTATUS
406;DELAY
407;SFXREC
408;XPOS
409;YPOS
410;ZPOS
411;DOOR
412;SPEED
413;!STATE
414;NAVPNT
415;SFXREC
416;DOOR
417;SPEED
418;!STATE
419;NAVPNT
420;SFXREC
421;DOORA
422;DOORB
423;SPEED
424;!STATE
425;NAVPNT
426;SFXREC
427;BSPNUM
428;NAVPNT
429;SPEED
430;PROPID
431;ITEMA
432;XPOLYA
433;!STATEA
434;ITEMB
435;XPOLYB
436;!STATEB
437;ITEMC
438;XPOLYC
439;!STATEC
440;STATESTATUS
441;XPOLYSTATUS
442;!STATE
443;STATUS
444;ITEMA
445;XTILE
446;YTILE
447;ZTILE
448;BSPNUM
449;!WOCC
450;YROT
451;NOSELECT
452;!EVENT
453;ITEMA
454;ITEMB
455;ITEMC
456;ITEMD
457;ITEME
458;XTILE
459;YTILE
460;ZTILE
461;BSPNUM
462;!WOCC
463;YROT
464;NOSELECT
465;!EVENT
466;ITEMA
467;ITEMB
468;!WOCCA
469;!WOCCB
470;!WOCCC
471;!WOCCD
472;!WOCCE
473;!WOCCF
474;NOITEM
475;!STATE
476;STATUS
477;BRIDGE
478;SPEED
479;!STATEA
480;!STATEB
481;NAVPNT
482;SFXREC
483;!EVENT
484;DELAY
485;!STATE
486;XTILE
487;YTILE
488;ZTILE
489;BSPNUM
490;GROUND
491;MONID
492;XTILE
493;YTILE
494;ZTILE
495;BSPNUM
496;GROUND
497;PROPIDA
498;PROPIDB
499;PROPIDC
500;PROPIDD
501;EFX
502;SFX
503;SPELL
504;OBJNUM
505;YOFFSET
506;XTILE
507;YTILE
508;ZTILE
509;BSPNUM
510;DELAY
511;!EVENT
512;DELAY
513;!STATE
514;!STATEA
515;!STATEB
516;!EVENTA
517;!EVENTB
518;DOOR
519;SPEED
520;DELAY
521;NAVPNT
522;SFXREC
523;MONREC
524;XTILE
525;YTILE
526;ZTILE
527;BSPNUM
528;DIR
529;RADIUS
530;MONINIT
531;SFX
532;INSTIDX
533;NAVPNT
534;BSPNUM
535;!STATE
536;STATUSON
537;STATUSOFF
538;DELAY
539;!EVENT
540;!STATE
541;ITEM
542;!WOCCUPIED
543;EFX
544;SFX
545;SPELL
546;XTILE
547;YTILE
548;ZTILE
549;XDST
550;YDST
551;ZDST
552;BSPNUM
553;!BOUNDNUM
554;!STATE
555;STATUSON
556;STATUSOFF
557;TOWN
558;ITEMA
559;ITEMB
560;ITEMA
561;!EVENT
562;ITEMA
563;!EVENT
564;ITEMA
565;!EVENT
566;ITEMA
567;!EVENT
568;!STATEA
569;!STATEB
570;!STATEC
571;!STATETOGGLE
572;STATUS
573;PROPID
574;XTILE
575;YTILE
576;ZTILE
577;BSPNUM
578;FLAGNUM
579;OLDVAL
580;VALUE
581;FLAGNUM
582;OLDVAL
583;VALUE
584;!STATE
585;FLAGNUM
586;OLDVAL
587;VALUE
588;!STATE
589;ENDNUM
590;DELAY
591;MONREC
592;!STATE
593;STATUS
594;PROPID
595;XTILE
596;YTILE
597;ZTILE
598;BSPNUM
599;SPEED
600;ALTERTYPE
601;VALUE
602;FLAGNUM
603;!STATE
604;XTILE
605;YTILE
606;ZTILE
607;BSPNUM
608;DAMAGE
609;POISON
610;SFX
611;GROUND
612;DOOR
613;SPEED
614;!STATE
615;NAVPNT
616;DELAYA
617;DELAYB
618;!SWITCH
619;SWSTATUS
620;SFXREC
621;DOORA
622;DOORB
623;SPEED
624;!STATE
625;NAVPNT
626;DELAYA
627;DELAYB
628;!SWITCH
629;SWSTATUS
630;SFXREC
631;!STATE
632;DELAY
633;!SWITCH
634;SWSTATUS
635;DUMMY
636;!STATE
637;!BOUNDNUM
638;!SWITCH
639;STATUS
640;SEGMENT
641;BSPNUM
642;SEGSWITCH
643;SEGSTATUS
644;DELAY
645;XPOS
646;YPOS
647;ZPOS
648;!STATE
649;!BOUNDNUM
650;!SWITCH
651;STATUS
652;SEGMENT
653;BSPNUM
654;SEGSWITCH
655;SEGSTATUS
656;DELAY
657;XPOS
658;YPOS
659;ZPOS
660;!BOUNDNUM
661;SEGMENT
662;BSPNUM
663;SEGSWITCH
664;SEGSTATUS
665;DELAY
666;XPOS
667;YPOS
668;ZPOS
669;!STATE
670;!SWITCH
671;SWSTATUS
672;!STATE
673;PROPID
674;STATUSON
675;STATUSOFF
676;DOORA
677;!BOUNDNUM
678;SPEED
679;DIR
680;!SWITCHA
681;!SWITCHB
682;!SWITCHC
683;!SWITCHD
684;!STATE
685;STATUS
686;PROPIDA
687;RADIUS
688;RED
689;GREEN
690;BLUE
691;PROPID
692;XTILE
693;YTILE
694;ZTILE
695;BSPNUM
696;SPEED
697;RADIUS
698;ANGLE
699;PROPID
700;MONA
701;VALUE
702;PROPID
703;ANIMSET
704;!STATE
705;!STATEA
706;STATUS
707;!BOUNDNUM
708;MONREC
709;XTILE
710;YTILE
711;ZTILE
712;BSPNUM
713;DIR
714;RADIUS
715;MONINIT
716;SPAWNSFX
717;EFX
718;EFXSFX
719;OBJNUM
720;YOFFSET
721;DELAY
722;WAIT
723;!STATE
724;MAXCOUNT
725;TRACKFLAG
726;PROPID
727;!BOUNDNUM
728;YTILE
729;PROPID
730;TWIDTYPE
731;!STATE
732;STATUSON
733;STATUSOFF
734;NUMTEST
735;!STATEA
736;!STATEB
737;!STATEC
738;!STATED
739;!STATEE
740;!XSTATE
741;STATUS
742;EFX
743;SFX
744;SPELL
745;OBJNUM
746;ANGLE
747;DOOR
748;SPEED
749;!STATE
750;NAVPNT
751;SFXREC
752;!STATEA
753;!STATEB
754;DELAY
755;STATUSON
756;STATUSOFF
757;!STATEA
758;!STATEB
759;STATUS
760;MONID
761;MAN
762;POS
763;ITEM
764;PROPID
765;ATTACH
766;ANGLE
767;MONA
768;MONB
769;MONC
770;MOND
771;NUMTEST
772;!STATEA
773;!STATEB
774;!STATEC
775;!STATED
776;!STATEE
777;DOOR
778;SPEED
779;!STATE
780;NAVPNT
781;DELAY
782;!SWITCHA
783;!SWITCHB
784;SWSTATUS
785;SFXREC
786;!STATEA
787;!STATEB
788;!STATEC
789;STATUSON
790;STATUSOFF
791;DOOR
792;SPEED
793;!STATE
794;NAVPNT
795;DELAY
796;!SWITCHA
797;!SWITCHB
798;SWSTATUS
799;SFXREC
800;DOOR
801;SPEED
802;NAVPNT
803;SFXREC
804;!STATEA
805;!STATEB
806;!STATEC
807;STATUSON
808;STATUSOFF
809;TYPENUM
810;REFNUM
811;XTILE
812;YTILE
813;ZTILE
814;XDST
815;YDST
816;ZDST
817;BSPNUM
818;TYPENUM
819;REFNUM
820;PROPIDA
821;ATTACHA
822;PROPIDB
823;ATTACHB
824;YOFFSET
825;STATUS
826;TABLE
827;BSPNUM
828;DOOR
829;SPEED
830;!STATE
831;MOVEDIR
832;SFXREC
833;!STATEA
834;!STATEB
835;STATUSON
836;STATUSOFF
837;!STATEA
838;!STATEB
839;!STATEC
840;STATUSON
841;STATUSOFF
842;!STATEA
843;!STATED
844;!STATEB
845;!STATEC
846;STATUSON
847;STATUSOFF
848;!STATEA
849;!STATEB
850;!STATEC
851;STATUSON
852;STATUSOFF
853;!STATEA
854;!STATEB
855;!STATEC
856;STATUSON
857;STATUSOFF
858;!STATEA
859;!STATEB
860;!STATEC
861;!STATETOGGLE
862;STATUS
863;!BOUNDNUM
864;SEGMENT
865;BSPNUM
866;SEGSWITCH
867;SEGSTATUS
868;DELAY
869;XPOS
870;YPOS
871;ZPOS
872;!STATE
873;STATUS
874;!SWITCHA
875;!SWITCHB
876;!STATE
877;STATUSON
878;STATUSOFF
879;FLAGNUM
880;QVAL
881;!EVENTA
882;!EVENT
883;DELAY
884;!STATE
885;!STATEA
886;!STATEB
887;STATUSON
888;!EVENTA
889;!ITEMA
890;!ITEMB
891;!ITEMC
892;!ITEMD
893;!STATEA
894;!STATEB
895;!STATEC
896;!STATED
897;!STATEE
898;STATUSON
899;!ITEM
900;!STATE
901;STATUSON
902;DOORA
903;DOORB
904;SPEED
905;DELAY
906;!STATE
907;NAVPNT
908;SFXREC
909;DOOR
910;SPEED
911;NAVPNT
912;MAXMOVE
913;MOVEACCUM
914;MOVEDIR
915;SFXREC
916;XSFX
917;XDIR
918;DEL1
919;SPD2
920;MAX2
921;DEL2
922;SPD3
923;MAX3
924;DEL3
925;SPD4
926;MAX4
927;DEL4
928;SPD5
929;PROPA
930;MONA
931;STATUS
932;XTILE
933;YTILE
934;ZTILE
935;BSPNUM
936;RADIUS
937;VALUE
938;MONID
939;!STATE
940;DELAY
941;MONREC
942;XTILE
943;YTILE
944;ZTILE
945;BSPNUM
946;DIR
947;RADIUS
948;MONINIT
949;XSFX
950;INSTIDX
951;EFX
952;SFX
953;SPELL
954;XDST
955;YDST
956;ZDST
957;TYPE
958;VALUE
959;ITEM
960;PROPID
961;XTILE
962;YTILE
963;ZTILE
964;!WOCCUPIED
965;YROT
966;NOSELECT
967;ITEM
968;!WOCCUPIED
969;SELECT
970;!STATEA
971;!STATEB
972;!STATEC
973;STATUSON
974;STATUSOFF
975;!BOUNDNUM
976;SEGMENT
977;BSPNUM
978;SEGSWITCH
979;SEGSTATUS
980;DELAY
981;XPOS
982;YPOS
983;ZPOS
984;XTILE
985;YTILE
986;ZTILE
987;BSPNUM
988;GROUND
989;!BOUNDNUM
990;PROPID
991;SFX
992;PROPID
993;!STATEA
994;!STATEB
995;!STATEC
996;STATUS
997;!STATE
998;STATUS
999;FLAGNUM
1000;QVAL
1001;!EVENTA
1002;!BOUNDNUM
1003;SEGMENT
1004;BSPNUM
1005;SEGSWITCH
1006;SEGSTATUS
1007;DELAY
1008;XPOS
1009;YPOS
1010;ZPOS
1011;!STATE
1012;STATUS
