index;iname_id;name;type;slot;weapon_class;icon;icon_alt;model;model_flag;armor;price;hands;skill;reach;field_96;field_106;field_108;damage;tier
0;1;PUNCH;1;0;0;0;0;0;0;0;0;0;0;1536;3;0;0;0;0
1;2;BAT BITE;1;0;0;0;0;0;0;0;0;0;0;1152;2;0;0;0;0
2;3;CHAIN MITTENS;4;3;0;104;0;398;1;125;750;1;13;0;0;4;2;12;0
3;4;CHAIN BOOTS;4;4;0;105;0;383;1;175;750;1;13;0;0;4;2;12;0
4;5;BRACELET OF MIGHT;17;0;0;11;36;23;0;0;2500;4;0;0;0;0;0;0;0
5;6;DEVIL'S RING;17;1;0;9;37;22;0;0;500;3;0;0;0;0;0;0;0
6;7;HV.CHAIN MAIL;4;0;0;102;0;187;1;300;5000;4;13;0;0;10;6;28;0
25;26;BLOOD CANDLE;6;0;0;659;0;1214;0;0;0;0;0;0;0;0;0;0;0
26;27;CHAINMAIL ARMOR;4;0;0;102;0;187;1;250;1500;1;13;0;0;8;4;24;0
27;28;SHADOW STONE;6;1;0;131;0;134;0;0;250;0;0;0;0;0;0;0;0
28;29;LONGSWORD;1;0;1;1;0;14;0;0;25;1;3;1536;1;0;1;14;2
61;62;WYRM BITE;1;0;0;0;0;0;0;0;0;0;0;1792;0;0;0;0;3
62;63;ELVEN SPEAR;1;0;5;143;0;198;0;0;325;1;5;1792;0;0;2;14;1
63;64;TROLL SHIELD;5;0;0;18;0;32;0;5000;0;0;15;0;1;5;0;0;0
64;65;COPPER CLAW;1;0;0;0;0;0;0;0;0;0;0;1580;1;0;0;0;6
65;66;COPPER STING;1;0;0;0;0;0;0;0;0;0;0;1580;1;0;0;0;8
66;67;SKULL KEY;6;0;0;6;0;12;0;0;0;0;0;0;0;0;0;0;0
67;68;GIANT BATTLE AXE;1;0;2;5;0;13;0;0;500;1;4;1812;0;0;4;46;3
69;70;WOODEN SHIELD;5;0;0;10;0;15;0;75;50;1;16;0;0;3;2;14;0
70;71;CLAW;1;0;0;0;0;0;0;0;0;0;0;1536;1;0;0;0;0
71;72;CORRUPT SWORD;1;0;1;1;0;14;0;0;8;1;3;1536;1;0;1;14;1
72;73;ROTTED SHIELD;5;0;0;10;0;15;0;25;10;1;16;0;0;1;2;14;0
76;77;MAGUS STAFF;1;0;1;12;0;24;0;0;1000;3;2;1280;1;0;3;10;0
77;78;HELM OF HORNS;4;5;2;4;0;89;0;350;1250;4;13;0;0;5;6;26;0
78;79;DAGGER;1;0;1;3;0;19;0;0;5;1;2;1280;2;0;1;0;1
79;80;GOLD KEY;6;0;0;14;0;26;0;0;0;0;0;0;0;0;0;0;0
80;81;GOLD;14;0;0;14;0;27;0;0;5;0;0;0;0;0;0;0;0
81;82;RUSTED DAGGER;1;0;1;3;0;19;0;0;2;1;2;1280;2;0;1;0;0
82;83;DRAGON STAFF;1;3;1;15;0;28;0;0;25000;7;5;1720;0;0;3;14;0
84;85;SHORT BOW;1;2;0;453;0;763;0;0;50;1;10;2560;0;0;1;10;0
85;86;WOOD ARROW;3;1;0;33;0;31;0;0;25;0;10;0;5;0;1;0;1
86;87;BATTLE SHIELD;5;0;0;18;0;32;0;200;250;2;16;0;1;6;5;24;0
87;88;DEMONDOG BITE;1;0;0;0;0;0;0;0;0;0;0;1536;0;0;0;0;2
88;89;CLAW;1;0;0;0;0;0;0;0;0;0;0;1536;1;0;0;0;0
90;91;SKELL HELM;4;5;1;26;0;33;0;100;25;0;0;0;0;2;0;4;0
91;92;DEADMAN'S HAIR;4;5;0;28;0;34;0;100;5;0;0;0;0;0;0;1;0
92;93;SKEL LEFT SHOULDER;4;9;0;4;0;35;0;100;15;0;0;0;0;1;0;7;0
94;95;RUSTED BROADSWORD;1;0;1;24;0;42;0;0;25;1;3;1536;1;0;1;16;0
96;97;SPIKE HELM;4;5;1;27;0;40;0;100;40;1;0;0;0;2;0;12;0
97;98;RUSTED AXE;1;0;1;25;0;43;0;0;15;1;3;1420;1;0;2;16;2
98;99;ELVEN SWORD;1;0;1;21;0;37;0;0;75;1;2;1420;1;0;1;10;2
99;100;ELVEN DARKSWORD;1;0;1;22;0;39;0;0;15000;5;2;1420;1;0;5;14;3
100;101;ELVEN WOOD SHIELD;5;0;0;20;0;38;0;100;150;1;15;0;0;3;2;12;0
103;104;GOBLIN HAIR;4;5;0;30;0;48;0;1;5;0;0;0;0;0;0;1;0
104;105;GOBLIN SWORD;1;0;1;31;0;49;0;0;25;1;2;1420;1;0;2;12;1
105;106;ELVEN BLOODSWORD;1;0;1;32;0;50;0;0;3500;3;2;1420;1;0;3;12;2
106;107;RAT BITE;1;0;0;0;0;0;0;0;0;0;0;1280;2;0;0;0;0
107;108;DEFENDER SHIELD;5;0;0;290;0;299;0;250;2500;5;16;0;1;6;6;28;0
108;109;BEARD AXE;1;0;1;25;0;43;0;0;30;1;3;1420;1;0;2;16;2
109;110;GOLD;14;0;0;14;0;27;0;0;10;0;0;0;0;0;0;0;0
110;111;TROLL CHAIN;1;0;0;0;0;0;0;0;0;0;0;1756;0;0;0;0;0
111;112;TROLL GIANT'S HAIR;4;6;0;28;0;51;1;1;5;0;0;0;0;0;0;0;0
112;113;PONYTAIL HAIR;4;6;0;28;0;52;0;1;5;0;0;0;0;0;0;0;0
113;114;PONYTAIL HAIR;4;6;0;28;0;53;0;1;5;0;0;0;0;0;0;0;0
114;115;GALDRYN'S HORN;17;0;0;47;668;64;0;0;100000;0;0;0;0;0;0;0;0
115;116;STAFF OF SCARIS;1;3;1;596;0;901;0;0;2000;0;2;1280;1;0;3;14;0
116;117;ALEISTER'S LETTER;15;0;0;500;0;1180;0;0;0;0;0;0;0;0;0;0;0
117;118;MOONSTONE;6;0;0;620;0;65;0;0;0;0;0;0;0;0;0;0;0
118;119;CANDLE OF STARS;6;0;0;38;0;54;0;0;0;0;0;0;0;0;0;0;0
119;120;TEMPLE SUMMONS;15;0;0;500;0;1180;0;0;0;0;0;0;0;0;0;0;0
122;123;CEMETERY KEY;6;0;0;6;0;12;0;0;0;0;0;0;0;0;0;0;0
123;124;KNAVE OF CUPS;6;0;0;14;0;26;0;0;0;0;0;0;0;0;0;0;0
124;125;KNAVE OF STARS;6;0;0;14;0;26;0;0;0;0;0;0;0;0;0;0;0
125;126;KNAVE OF SWORDS;6;0;0;14;0;26;0;0;0;0;0;0;0;0;0;0;0
126;127;KNAVE OF WANDS;6;0;0;14;0;26;0;0;0;0;0;0;0;0;0;0;0
127;128;CELESTIAL CANDLE;6;0;0;38;0;54;0;0;0;0;0;0;0;0;0;0;0
128;129;FLAMING SKULL;0;0;0;6;0;55;0;0;0;0;0;0;0;0;0;0;0
129;130;DAVENMOR'S ORDERS;15;0;0;500;0;1180;0;0;0;0;0;0;0;0;0;0;0
130;131;GHOUL CLAW;1;0;0;0;0;0;0;0;0;0;0;1420;1;0;0;0;0
131;132;GHOUL BITE;1;0;0;0;0;0;0;0;0;0;0;1420;1;0;0;0;0
132;133;GREATSWORD;1;0;2;49;0;67;0;0;750;2;4;1536;0;0;2;36;3
133;134;BONE CLUB;1;0;1;48;0;68;0;0;10;1;3;1412;0;0;2;20;0
134;135;RAT BITE;1;0;0;0;0;0;0;0;0;0;0;1380;2;0;0;0;0
136;137;THE GOLDEN AXE;1;0;2;65;0;69;0;0;75000;7;4;1660;0;0;8;52;6
137;138;BARBTONGUE BLADE;1;0;2;58;0;79;0;0;2000;2;4;1536;0;0;3;34;2
140;141;BLADE OF DEATH;1;0;2;56;0;77;0;0;80000;8;4;1536;0;0;12;48;5
141;142;BLADED MACE;1;0;1;50;0;70;0;0;250;2;3;1480;1;0;3;20;1
142;143;STUDDED MACE;1;0;1;51;0;71;0;0;50;1;3;1480;1;0;1;18;1
143;144;KRIS BLADE;1;0;1;63;0;84;0;0;250;1;2;1480;1;0;3;12;2
144;145;SHORT SWORD;1;0;1;64;0;85;0;0;35;1;2;1480;1;0;1;12;1
145;146;FANGTIP BLADE;1;0;1;61;0;82;0;0;200;1;3;1536;1;0;2;18;2
146;147;BARBED FANGTIP;1;0;1;62;0;83;0;0;1000;2;3;1536;1;0;4;20;2
147;148;AZURE SWORD;1;0;1;59;0;80;0;0;2500;5;3;1536;1;0;5;24;2
148;149;TOPAZ SWORD;1;0;1;60;0;81;0;0;2500;5;3;1536;1;0;5;24;2
149;150;GOBLIN WARMASK;4;5;3;52;0;93;0;25;100;1;12;0;0;1;3;10;0
150;151;GOBLIN SHIELD;5;0;0;53;0;74;0;50;25;1;15;0;0;2;2;14;0
151;152;GRIM SHIELD;5;0;0;54;0;75;0;200;225;3;16;0;1;5;5;24;0
152;153;LT.CHAIN MAIL;4;0;0;102;0;187;1;200;3500;2;12;0;0;6;6;18;0
153;154;SEWER KEY;6;0;0;6;0;12;0;0;0;0;0;0;0;0;0;0;0
154;155;THEATER KEY;6;0;0;14;0;26;0;0;0;0;0;0;0;0;0;0;0
155;156;LIFT LEVER ROD;6;0;0;658;0;86;0;0;0;0;0;0;0;0;0;0;0
156;157;SEWER BRIDGE KEY;6;0;0;14;0;26;0;0;0;0;0;0;0;0;0;0;0
157;158;SLIME STING;1;0;0;0;0;0;0;0;0;0;0;1280;2;0;0;0;0
158;159;CHAIN LEGGINGS;4;1;0;103;0;566;1;250;1000;1;13;0;0;5;4;24;0
159;160;SOLDIER'S BELT;17;2;0;106;114;367;1;100;500;1;13;0;0;2;2;0;0
160;161;SUEDE DOUBLET;4;0;0;96;0;183;2;50;35;0;0;0;0;2;0;0;0
161;162;SUEDE PANTS;4;1;0;97;0;567;2;50;35;0;0;0;0;1;0;0;0
162;163;SUEDE ARMS;4;3;0;0;0;0;2;0;0;0;0;0;0;0;0;0;0
163;164;SUEDE BOOTS;4;4;0;98;0;384;2;30;25;0;0;0;0;1;0;0;0
164;165;SUEDE BELT;17;2;0;99;115;368;2;15;10;0;0;0;0;1;0;0;0
165;166;LEATHER DOUBLET;4;0;0;86;0;185;3;75;300;1;12;0;0;4;2;10;0
166;167;LEATHER PANTS;4;1;0;87;0;573;3;75;200;1;12;0;0;2;2;10;0
167;168;LEATHER GLOVES;4;3;0;88;0;403;3;40;150;1;12;0;0;1;1;6;0
168;169;LEATHER BOOTS;4;4;0;89;0;389;3;50;150;1;12;0;0;1;1;6;0
169;170;LEATHER BELT;17;2;0;90;117;373;3;40;50;1;12;0;0;1;1;0;0
170;171;PLATE MAIL;4;0;0;66;0;190;4;500;4000;1;14;0;0;15;6;35;0
171;172;PLATE LEGGINGS;4;1;0;67;0;578;4;500;2500;1;14;0;0;10;6;35;0
172;173;GAUNTLETS;4;3;0;68;0;409;4;250;2000;1;14;0;0;8;3;20;0
173;174;PLATE BOOTS;4;4;0;69;0;394;4;350;2000;1;14;0;0;8;3;25;0
174;175;KNIGHT'S BELT;17;2;0;70;122;378;4;175;1750;1;14;0;0;8;3;15;0
175;176;DEATHLORD PLATE;4;0;0;71;0;191;5;2000;15000;10;14;0;0;22;12;60;0
176;177;DEATHLORD LEGGINGS;4;1;0;72;0;577;5;2000;10000;10;14;0;0;15;12;60;0
177;178;GAUNTLETS OF DEATH;4;3;0;73;0;408;5;2000;7500;10;14;0;0;11;8;40;0
178;179;DEATHLORD BOOTS;4;4;0;74;0;393;5;2000;7500;10;14;0;0;11;8;45;0
179;180;DEATHLORD'S BELT;17;2;0;75;121;377;5;2000;7500;10;14;0;0;11;8;30;0
180;181;SAMURAI DO;4;0;0;107;0;188;6;350;3000;2;13;0;0;11;7;28;0
181;182;SAMURAI HAIDATE;4;1;0;108;0;579;6;350;2000;2;13;0;0;7;7;28;0
182;183;SAMURAI KOTE;4;3;0;109;0;410;6;175;1500;2;13;0;0;3;3;20;0
183;184;SAMURAI SUNEATE;4;4;0;110;0;389;6;250;1500;2;13;0;0;3;3;20;0
184;185;SAMURAI UWA-OBI;17;2;0;111;123;379;6;125;500;2;13;0;0;3;3;16;0
185;186;IMPERIAL MAIL;4;0;0;91;0;189;7;350;3000;2;13;0;0;11;7;28;0
186;187;IMPERIAL LEGGINGS;4;1;0;92;0;571;7;350;2000;2;13;0;0;7;7;28;0
187;188;DRAGON GLOVES;4;3;0;93;0;401;7;175;1500;2;13;0;0;6;4;20;0
188;189;IMPERIAL BOOTS;4;4;0;94;0;387;7;250;1500;2;13;0;0;6;4;20;0
189;190;IMPERIAL'S BELT;17;2;0;95;116;371;7;125;500;2;13;0;0;6;4;16;0
190;191;GOBLIN STAFF;1;0;5;112;0;87;0;0;125;2;5;1792;1;0;1;10;0
191;192;STAFF OF BURNING;1;0;5;113;0;88;0;0;2500;3;5;1792;1;0;5;12;0
192;193;FOOTMAN'S HELM;4;5;1;124;0;91;0;50;125;1;12;0;0;2;2;10;0
193;194;PLATE SHOULDERS;4;7;0;125;0;95;4;350;2500;1;14;0;0;8;6;38;0
194;195;SPIKED SHOULDERS;4;7;0;128;0;98;8;80;175;1;13;0;0;4;4;18;0
196;197;SAMURAI SODE;4;7;0;127;0;104;6;250;1750;2;13;0;0;4;4;20;0
197;198;LOCKPICKS;20;0;0;503;638;829;0;0;100;0;0;0;0;0;0;0;0
203;204;DYNASTY SHOULDERS;4;7;0;130;0;129;7;250;1750;2;13;0;0;4;4;20;0
204;205;SHADOW STONE;6;1;0;131;0;134;0;0;250;0;0;0;0;0;0;0;0
205;206;GIANT STONE SLEDGE;1;0;2;139;0;136;0;0;1000;2;4;1750;0;0;8;52;2
206;207;SHADOW STONE;6;1;0;133;0;137;0;0;250;0;0;0;0;0;0;0;0
207;208;SHADOW STONE;6;1;0;134;0;139;0;0;250;0;0;0;0;0;0;0;0
208;209;SHADOW STONE;6;1;0;132;0;141;0;0;250;0;0;0;0;0;0;0;0
209;210;ATHENA BASH;1;0;0;0;0;0;0;0;0;0;0;2560;0;0;0;0;1
210;211;SHADOW STONE;6;1;0;135;0;143;0;0;250;0;0;0;0;0;0;0;0
211;212;SHADOW CRYSTAL;6;0;0;136;0;145;0;0;250;0;0;0;0;0;0;0;0
212;213;OCCULUS CRYSTAL;0;0;0;136;0;146;0;0;5000;0;0;0;0;0;0;0;0
213;214;SHADOWSLAYER;1;0;1;137;0;147;0;0;2500;0;3;1536;1;0;5;24;2
214;215;ROD OF DIVINITY;1;3;5;548;0;857;0;0;500000;0;5;1792;1;0;7;24;0
217;218;SLIME STING;1;0;0;0;0;0;0;0;0;0;0;1556;2;0;0;0;0
219;220;CHAIN PRO FIRE;4;0;0;427;0;742;9;350;20000;6;13;0;0;10;6;28;0
220;221;WIZARD'S RING;17;1;0;526;527;846;0;0;2000;4;0;0;0;0;0;0;0
221;222;KRYVEN BRACELET;17;0;0;473;474;779;0;0;5000;5;0;0;0;0;0;0;0
222;223;RING OF DELPHI;17;1;0;542;543;854;0;0;2000;4;0;0;0;0;0;0;0
223;224;RING OF SPEED;17;1;0;530;531;848;0;0;2500;4;0;0;0;0;0;0;0
224;225;SWORD PRO UNDEAD;1;0;2;49;0;67;0;0;10000;4;4;1536;0;0;5;38;3
225;226;GREATER HEAL;8;0;0;8;0;21;0;0;100;0;0;0;0;0;0;0;0
226;227;GOLD;14;0;0;14;0;27;0;0;25;0;0;0;0;0;0;0;0
227;228;SHIELD OF ROTHN;5;0;0;565;0;872;0;250;1000;3;16;0;1;5;5;26;0
228;229;LEATHER PRO MAGIC;4;0;0;81;0;186;8;200;10000;5;12;0;0;6;5;16;0
229;230;MAGIC LOCKPICKS;20;0;0;501;636;827;0;0;500;0;0;0;0;0;0;0;0
230;231;SWORD OF STONE;1;0;2;138;0;156;0;0;1500;2;4;1732;0;0;8;48;2
231;232;SHIELD OF STONE;5;0;0;141;0;157;0;500;200;2;17;0;2;10;7;52;0
234;235;TEMPLAR HELM;4;5;1;27;0;151;0;150;250;2;0;0;0;4;0;18;0
236;237;CURE POISON;8;0;0;185;0;233;0;0;100;0;0;0;0;0;0;0;0
237;238;DRAKE BITE;1;0;0;0;0;0;0;0;0;0;0;1280;0;0;0;0;5
238;239;WOLF CLAW;1;0;0;0;0;0;0;0;0;0;0;1536;1;0;0;0;0
239;240;WOLF BITE;1;0;0;0;0;0;0;0;0;0;0;1536;1;0;0;0;1
240;241;SPIDER CLAW;1;0;0;0;0;0;0;0;0;0;0;1536;1;0;0;0;0
241;242;SPIDER BITE;1;0;0;0;0;0;0;0;0;0;0;1536;1;0;0;0;1
242;243;SCORAB CLAW;1;0;0;0;0;0;0;0;0;0;0;1536;1;0;0;0;0
243;244;SCORAB STING;1;0;0;0;0;0;0;0;0;0;0;1536;1;0;0;0;1
244;245;ELVEN LONG BOW;1;2;0;454;0;764;0;0;500;1;10;4096;0;0;3;14;0
245;246;SYLVAN ARROW;3;1;0;3;0;31;0;0;45;0;10;0;5;0;3;0;2
246;247;GIANT SNAKE BITE;1;0;0;0;0;0;0;0;0;0;0;1280;0;0;0;0;2
247;248;RING OF TALENDOR;17;1;0;634;657;1181;0;0;10000;0;0;0;0;0;0;0;0
250;251;SWORD OF STRIKING;1;0;1;22;0;39;0;0;1000;0;2;1420;1;0;3;14;3
253;254;DRAGON EGG;6;0;0;309;0;361;0;0;0;0;0;0;0;0;0;0;0
255;256;STONE OF FOURS;6;0;0;173;0;200;0;0;250;0;0;0;0;0;0;0;0
256;257;MAGIC MIRROR;6;0;0;310;0;362;0;0;5000;0;0;0;0;0;0;0;0
257;258;SWORD OF FLAME;1;0;1;621;0;908;0;0;2500;0;3;1536;0;0;5;22;2
258;259;ARINDALE INN KEY;6;0;0;14;0;26;0;0;0;0;0;0;0;0;0;0;0
259;260;FATHIEN KEEP KEY;6;0;0;14;0;26;0;0;0;0;0;0;0;0;0;0;0
260;261;FATHIEN TOMB KEY;6;0;0;14;0;26;0;0;0;0;0;0;0;0;0;0;0
261;262;FATHIEN PRISON KEY;6;0;0;6;0;12;0;0;0;0;0;0;0;0;0;0;0
262;263;SKULL LEVER ROD;6;0;0;658;0;86;0;0;0;0;0;0;0;0;0;0;0
263;264;SLIME STING;1;0;0;0;0;0;0;0;0;0;0;1380;2;0;0;0;0
264;265;ELF LEFT SHOULDER;4;9;0;4;0;195;0;50;50;0;0;0;0;2;0;7;0
265;266;ELF RIGHT SHOULDER;4;8;0;4;0;194;0;50;50;0;0;0;0;2;0;7;0
266;267;DREY LEFT SHOULDER;4;9;0;4;0;197;0;30;25;0;0;0;0;2;0;7;0
268;269;NAGA PIKE;1;0;5;144;0;199;0;0;800;2;6;1792;0;0;2;36;2
269;270;THROWING KNIFE;1;1;0;499;0;826;0;0;50;1;9;2048;5;0;1;0;1
270;271;MAIN GAUCHE;1;0;1;3;0;19;0;0;45;1;2;1280;2;0;1;0;1
271;272;SICKLE AXE;1;0;1;448;0;758;0;0;250;2;3;1536;1;0;4;20;2
272;273;EYE OF THE SIGIL;6;1;0;175;0;221;0;0;1000;0;0;0;0;0;0;0;0
273;274;DEMON STONE;6;0;0;174;0;201;0;0;2500;0;0;0;0;0;0;0;0
274;275;SKULL KEY;6;0;0;6;0;12;0;0;0;0;0;0;0;0;0;0;0
275;276;GOLD KEY;6;0;0;14;0;26;0;0;0;0;0;0;0;0;0;0;0
277;278;EMPTY VIAL;6;0;0;178;0;232;0;0;0;0;0;0;0;0;0;0;0
278;279;VALDANE'S BLOOD;6;0;0;177;0;348;0;0;0;0;0;0;0;0;0;0;0
279;280;GAS MASK;4;5;3;176;0;222;0;1000;25000;0;12;0;0;1;2;12;0
280;281;SNAKE BITE;1;0;0;0;0;0;0;0;0;0;0;1400;2;0;0;0;1
281;282;GAZER BITE;1;0;0;0;0;0;0;0;0;0;0;1580;0;0;0;0;1
288;289;SARCOPHAGEN JEWEL;6;0;0;286;0;292;0;0;2500;0;0;0;0;0;0;0;0
289;290;KEY OF DEATH;6;0;0;6;0;12;0;0;0;0;0;0;0;0;0;0;0
292;293;SOUL SPHERE;6;0;0;287;0;293;0;0;0;0;0;0;0;0;0;0;0
293;294;SOUL SPHERE;6;0;0;287;0;293;0;0;0;0;0;0;0;0;0;0;0
294;295;SOUL SPHERE;6;0;0;287;0;293;0;0;0;0;0;0;0;0;0;0;0
295;296;SOUL SPHERE;6;0;0;287;0;293;0;0;0;0;0;0;0;0;0;0;0
296;297;SOUL SPHERE;6;0;0;287;0;293;0;0;0;0;0;0;0;0;0;0;0
297;298;GAZER SHIELD;5;0;0;18;0;32;0;5000;0;0;15;0;3;5;0;0;0
298;299;MINOTAUR FIST;1;0;0;0;0;0;0;0;0;0;0;1536;1;0;0;0;0
299;300;2-HANDED SWORD;1;0;2;49;0;67;0;0;500;1;4;1536;0;0;1;34;3
300;301;WOODEN STAFF;1;0;1;288;0;294;0;0;20;1;2;1280;1;0;1;6;0
301;302;STAFF OF SUMMONING;1;0;5;289;0;295;0;0;25000;8;6;1792;0;0;7;32;6
305;306;KEY OF FIRE;6;0;0;6;0;12;0;0;0;0;0;0;0;0;0;0;0
306;307;CLAW;1;0;0;0;0;0;0;0;0;0;0;1536;1;0;0;0;0
307;308;HELM OF DRUIDS;4;5;2;293;0;301;0;125;1000;3;13;0;0;3;5;20;0
308;309;RING OF PROTECTION;17;1;0;534;535;850;0;0;250000;0;0;0;0;0;0;0;0
309;310;GOLD KEY;6;0;0;14;0;26;0;0;0;0;0;0;0;0;0;0;0
310;311;SKULL KEY;6;0;0;6;0;12;0;0;0;0;0;0;0;0;0;0;0
311;312;EYE OF EVIL;6;0;0;297;0;311;0;0;0;0;0;0;0;0;0;0;0
312;313;VARTUGG'S EYE;6;0;0;170;0;218;0;0;0;0;0;0;0;0;0;0;0
313;314;CLAW;1;0;0;0;0;0;0;0;0;0;0;1720;1;0;0;0;0
314;315;DEMON KEY;6;0;0;6;0;12;0;0;0;0;0;0;0;0;0;0;0
315;316;CLAW;1;0;0;0;0;0;0;0;0;0;0;1720;1;0;0;0;0
318;319;MARA'S LETTER;15;0;0;500;0;1180;0;0;0;0;0;0;0;0;0;0;0
319;320;VARTUGG FIST;1;0;0;0;0;0;0;0;0;0;0;1748;3;0;0;0;0
320;321;VARTUGG KICK;1;0;0;0;0;0;0;0;0;0;0;1748;3;0;0;0;0
322;323;TOTEM OF THE TREE;6;0;0;301;0;353;0;0;0;0;0;0;0;0;0;0;0
323;324;TREE BRANCH;1;1;0;302;0;354;0;0;1;0;9;3072;0;0;24;78;1
324;325;TREANT CLAW;1;0;0;0;0;0;0;0;0;0;0;1748;0;0;0;0;0
325;326;STAFF O' THE GROVE;1;0;1;551;0;861;0;0;10000;0;2;1280;1;0;7;18;2
326;327;BOOK OF RUNES;15;0;0;2;0;17;0;0;0;0;0;0;0;0;0;0;0
327;328;MANOR KEY;6;0;0;14;0;26;0;0;0;0;0;0;0;0;0;0;0
328;329;DUNGEON KEY;6;0;0;6;0;12;0;0;0;0;0;0;0;0;0;0;0
329;330;BLACK KEY;6;0;0;493;0;820;0;0;0;0;0;0;0;0;0;0;0
330;331;CELLAR KEY;6;0;0;6;0;12;0;0;0;0;0;0;0;0;0;0;0
331;332;THUNDERIN' HAMMER;1;3;1;140;0;155;0;0;2500;0;3;1536;1;0;6;30;3
332;333;IDOL OF DEATH;6;0;0;303;0;355;0;0;0;0;0;0;0;0;0;0;0
334;335;FARGROVE INN KEY;6;0;0;14;0;26;0;0;0;0;0;0;0;0;0;0;0
335;336;BRACELET OF POWER;17;0;0;11;36;23;0;0;10000;7;0;0;0;0;0;0;0
336;337;GNARLED STAFF +2;1;0;1;288;0;294;0;0;10000;6;2;1580;1;0;7;24;4
341;342;CRYSTAL OF CLARITY;6;0;0;308;0;360;0;0;10000;0;0;0;0;0;0;0;0
355;356;BALLISTA SPEAR;1;1;0;362;0;363;0;0;35;0;9;0;0;0;24;64;8
358;359;SMALL MACE;1;0;1;363;0;364;0;0;20;1;2;1412;1;0;1;10;2
359;360;TARGET SHIELD;5;0;0;364;0;365;0;40;15;1;15;0;0;2;1;10;0
360;361;SHADOROTH FIST;1;0;0;0;0;0;0;0;0;0;0;2048;0;0;0;0;0
361;362;GHOST CLAW;1;0;0;0;0;0;0;0;0;0;0;1536;1;0;0;0;0
362;363;CLAW;1;0;0;0;0;0;0;0;0;0;0;1792;0;0;0;0;0
363;364;CLAW;1;0;0;0;0;0;0;0;0;0;0;1780;0;0;0;0;0
364;365;TONGUE;1;0;0;0;0;0;0;0;0;0;0;2560;0;0;0;0;0
365;366;HORNET STING;1;0;0;0;0;0;0;0;0;0;0;1280;2;0;0;0;0
366;367;BIGFISH BITE;1;0;0;0;0;0;0;0;0;0;0;1480;2;0;0;0;0
367;368;PIRANHA BITE;1;0;0;0;0;0;0;0;0;0;0;1024;2;0;0;0;0
368;369;NINJA FIST;1;0;0;0;0;0;0;0;0;0;0;1580;3;0;0;0;0
369;370;NINJA KICK;1;0;0;0;0;0;0;0;0;0;0;1748;3;0;0;0;0
370;371;STUDDED LEATHER;4;0;0;81;0;186;8;125;750;2;12;0;0;5;4;14;0
371;372;STUDDED PANTS;4;1;0;82;0;574;8;125;500;2;12;0;0;3;4;14;0
372;373;STUDDED GLOVES;4;3;0;83;0;404;8;60;375;2;12;0;0;2;3;8;0
373;374;STUDDED BOOTS;4;4;0;84;0;390;8;80;375;2;12;0;0;2;3;12;0
374;375;THIEVES BELT;17;2;0;85;118;374;8;60;250;2;12;0;0;2;3;10;0
375;376;NINJA GARB;4;0;0;431;0;193;10;175;2250;2;12;0;0;6;6;20;0
376;377;NINJA PANTS;4;1;0;407;0;575;10;175;1500;2;12;0;0;4;6;20;0
377;378;NINJA GLOVES;4;3;0;384;0;406;10;80;1250;2;12;0;0;3;6;18;0
378;379;NINJA BOOTS;4;4;0;378;0;391;10;120;1250;2;12;0;0;3;6;20;0
379;380;NINJA BLACK BELT;17;2;0;369;119;375;10;100;1250;2;12;0;0;3;6;18;0
380;381;MYTHNIR MAIL;4;0;0;425;0;740;13;600;6000;7;13;0;0;14;10;28;0
381;382;MYTHNIR LEGGINGS;4;1;0;403;0;565;13;600;4000;7;13;0;0;9;10;28;0
382;383;MYTHNIR GAUNTLETS;4;3;0;379;0;397;13;300;3000;7;13;0;0;7;8;24;0
383;384;MYTHNIR BOOTS;4;4;0;374;0;382;13;400;3000;7;13;0;0;7;8;28;0
384;385;CHAMPION'S BELT;17;2;0;365;370;366;13;200;1500;7;13;0;0;7;8;22;0
385;386;GUILDED MAIL;4;0;0;430;0;745;14;1000;12000;7;14;0;0;20;10;50;0
387;388;GUILDED GLOVES;4;3;0;382;0;403;14;500;6000;7;14;0;0;10;7;36;0
388;389;GUILDED BOOTS;4;4;0;377;0;388;14;750;6000;7;14;0;0;10;7;42;0
389;390;CENTURIAN'S BELT;17;2;0;368;373;372;14;500;3000;7;14;0;0;10;7;32;0
390;391;CRIMSON PLATE MAIL;4;0;0;76;0;192;15;750;6000;7;14;0;0;18;8;40;0
391;392;CRIMSON PLATE LEGS;4;1;0;77;0;576;15;750;4000;7;14;0;0;12;8;40;0
392;393;CRIMSON GAUNTLETS;4;3;0;78;0;407;15;375;3000;7;14;0;0;9;5;34;0
393;394;CRIMSON BOOTS;4;4;0;79;0;392;15;500;3000;7;14;0;0;9;5;40;0
394;395;BLOODPLATE BELT;17;2;0;80;120;376;15;225;2000;7;14;0;0;9;5;30;0
395;396;DEMON SCALE MAIL;4;0;0;428;0;743;17;400;4500;6;13;0;0;12;9;32;0
396;397;DEMON SCALE LEGS;4;1;0;404;0;569;17;400;3000;6;13;0;0;8;9;32;0
397;398;DEMON GAUNTLETS;4;3;0;380;0;399;17;200;2250;6;13;0;0;6;7;26;0
398;399;DEMON BOOTS;4;4;0;375;0;385;17;300;2250;6;13;0;0;6;7;32;0
399;400;BELT OF THE FIEND;17;2;0;366;371;369;17;200;2250;6;13;0;0;6;7;24;0
400;401;DRUID ARMOR;4;0;0;429;0;744;18;200;1200;2;12;0;0;6;7;18;0
401;402;DRUID LEGGINGS;4;1;0;405;0;570;18;200;800;2;12;0;0;4;7;18;0
402;403;DRUID GLOVES;4;3;0;381;0;400;18;100;600;2;12;0;0;3;5;14;0
403;404;DRUID BOOTS;4;4;0;376;0;386;18;125;600;2;12;0;0;3;5;18;0
404;405;WARDER'S BELT;17;2;0;367;372;370;18;125;2500;2;12;0;0;3;5;12;0
405;406;ASSASSIN GARB;4;0;0;424;0;739;11;400;8000;6;13;0;0;10;7;24;0
406;407;BLADEWITCH ARMOR;4;0;0;426;0;741;12;300;1500;3;12;0;0;6;4;24;0
407;408;BLACK PLATE;4;0;0;432;0;746;16;1000;20000;7;14;0;0;18;7;44;0
408;409;GRIM HELM;4;5;2;385;0;411;0;175;1000;3;13;0;0;4;4;24;0
409;410;CAPTAIN'S HELM;4;5;2;386;0;412;0;250;2500;5;13;0;0;5;5;28;0
410;411;HELM OF DEMONS;4;5;2;294;0;303;0;300;10000;5;13;0;0;6;7;28;0
411;412;IMPERIAL HELM;4;5;2;390;0;464;0;250;2500;2;13;0;0;6;5;24;0
412;413;HELM OF WAR;4;5;2;389;0;455;0;400;10000;7;13;0;0;8;8;28;0
413;414;SAMURAI KABUTO;4;5;2;392;0;482;0;250;2500;2;13;0;0;6;5;26;0
414;415;DAIMYO'S KABUTO;4;5;2;391;0;473;0;400;10000;7;13;0;0;8;8;40;0
415;416;CONQUEROR'S HELM;4;5;2;285;0;266;0;500;10000;7;14;0;0;7;5;42;0
416;417;KNIGHT'S HELM;4;5;2;395;0;509;0;350;3000;2;14;0;0;8;5;35;0
417;418;HELM OF LORDS;4;5;2;394;0;500;0;700;20000;7;14;0;0;12;6;40;0
418;419;HELM OF STORMS;4;5;2;393;0;491;0;500;10000;7;14;0;0;10;6;40;0
419;420;DRAGON HELM;4;5;2;388;0;445;0;1000;40000;9;14;0;0;10;8;45;0
420;421;DARKWING HELM;4;5;2;387;0;413;0;2000;90000;12;14;0;0;10;12;70;0
421;422;MAGE'S HAT;4;5;5;397;0;527;0;100;500;1;12;0;0;1;1;0;0
422;423;SORCERER'S HAT;4;5;5;398;0;536;0;200;2500;2;12;0;0;2;1;0;0
423;424;WARLOCK'S HAT;4;5;5;399;0;545;0;300;15000;5;12;0;0;3;1;0;0
424;425;WIZARD'S HAT;4;5;5;396;0;518;0;400;15000;7;12;0;0;3;1;0;0
425;426;KASA OF DAY;4;5;5;400;0;554;0;500;20000;5;12;0;0;10;1;12;0
426;427;KASA OF NIGHT;4;5;5;401;0;563;0;500;20000;5;12;0;0;10;1;12;0
427;428;HELM OF DRUIDS;4;5;2;293;0;301;0;125;2000;3;13;0;0;3;4;26;0
434;435;NAGA LEFT SHOULDER;4;9;0;422;0;636;0;100;250;0;0;0;0;3;0;18;0
440;441;KHAD LEFT SHOULDER;4;9;0;296;0;310;0;100;250;0;0;0;0;5;0;18;0
443;444;CLAW;1;0;0;0;0;0;0;0;0;0;0;1536;1;0;0;0;0
444;445;CRYPT DAGGER;1;0;1;480;0;791;0;0;250;3;2;1280;2;0;3;0;2
445;446;ELVEN WAR DAGGER;1;0;1;479;0;790;0;0;35;2;2;1280;2;0;2;0;2
447;448;VENOM DAGGER;1;0;1;482;0;793;0;0;500;3;2;1280;2;0;3;0;2
448;449;WAKIZASHI;1;0;1;614;0;918;0;0;100;1;2;1280;2;0;4;14;1
449;450;SILVER WAKIZASHI;1;0;1;614;0;918;0;0;1000;3;2;1280;2;0;6;16;2
450;451;GOLDEN WAKIZASHI;1;0;1;615;0;919;0;0;5000;6;2;1280;2;0;8;18;3
452;453;ELVEN NIGHT DAGGER;1;0;1;477;0;788;0;0;7500;6;2;1280;2;0;4;0;2
453;454;NECROTIC DAGGER;1;0;1;481;0;792;0;0;2500;3;2;1280;2;0;6;0;2
454;455;ELVEN BLOOD DAGGER;1;0;1;476;0;787;0;0;7500;5;2;1280;2;0;4;0;3
456;457;BRONZE KRIS BLADE;1;0;1;611;0;915;0;0;500;4;2;1480;2;0;8;20;1
457;458;WINTER DAGGER;1;0;1;483;0;794;0;0;2500;4;2;1280;2;0;6;0;2
458;459;DIVINE KRIS BLADE;1;0;1;612;0;916;0;0;20000;9;2;1480;2;0;10;28;4
459;460;JADE SWORD;1;0;1;602;0;909;0;0;2500;5;3;1536;1;0;5;24;2
460;461;KATANA;1;0;1;616;0;920;0;0;1000;1;3;1536;1;0;3;18;2
461;462;KATANA +1;1;0;1;616;0;920;0;0;2500;3;3;1536;1;0;5;20;3
462;463;KATANA OF THE SUN;1;0;1;617;0;921;0;0;35000;8;3;1536;1;0;7;22;8
463;464;RADIANT SWORD;1;0;1;600;0;907;0;0;2500;6;3;1536;1;0;5;24;2
464;465;DEMONIC KATANA;1;0;1;619;0;923;0;0;100000;9;3;1536;1;0;12;35;5
466;467;SWORD OF FLAME;1;0;1;621;0;908;0;0;2500;5;3;1536;1;0;2;14;2
467;468;WINTER KATANA;1;0;1;618;0;922;0;0;25000;7;3;1536;1;0;9;32;4
469;470;DIVINE BLADERELIC;1;0;1;604;0;910;0;0;100000;12;3;1536;1;0;8;34;5
470;471;NO-DACHI;1;0;2;608;0;814;0;0;10000;2;4;1536;0;0;5;32;3
471;472;EMERALD GREATSWORD;1;0;2;603;0;909;0;0;25000;7;4;1536;0;0;5;42;3
472;473;MASTER NO-DACHI;1;0;2;609;0;815;0;0;40000;4;4;1536;0;0;7;38;5
473;474;NO-DACHI OF NIGHT;1;0;2;490;0;817;0;0;100000;8;4;1536;0;0;12;35;6
474;475;BRONZE RIPCLEAVE;1;0;2;452;0;762;0;0;15000;6;4;1536;0;0;10;54;5
475;476;SILVER GREATSWORD;1;0;2;607;0;913;0;0;15000;5;4;1536;0;0;4;40;5
479;480;NO-DACHI OF WINTER;1;0;2;489;0;816;0;0;50000;8;4;1536;0;0;10;35;5
482;483;DEMONBLADE OF BAAL;1;0;2;450;0;760;0;0;75000;11;4;1660;0;0;13;58;5
484;485;DWARVEN AXE;1;0;1;437;0;747;0;0;250;3;3;1536;1;0;4;22;3
485;486;DWARVEN VENOM AXE;1;0;1;440;0;750;0;0;5000;4;3;1536;1;0;7;28;4
486;487;DWARVEN NETHER AXE;1;0;1;438;0;748;0;0;5000;5;3;1536;1;0;7;28;4
487;488;DWARVEN FLAME AXE;1;0;1;439;0;749;0;0;5000;4;3;1536;1;0;7;28;4
488;489;DWARVEN WINTER AXE;1;0;1;441;0;751;0;0;5000;5;3;1536;1;0;7;28;4
489;490;SILVER REAVER;1;0;1;445;0;755;0;0;2500;2;3;1536;1;0;3;32;4
490;491;BLOOD REAVER;1;0;1;444;0;754;0;0;12500;5;3;1536;1;0;5;34;4
491;492;DOUBLE SICKLE AXE;1;0;2;447;0;757;0;0;1000;4;4;1536;0;0;3;38;4
492;493;SILVER BATTLE AXE;1;0;2;443;0;753;0;0;2000;4;4;1620;0;0;5;44;4
495;496;SPIKED CLUB;1;0;1;632;0;786;0;0;65;1;3;1536;1;0;3;24;0
496;497;VOODOO MACE;1;0;1;505;0;831;0;0;500;2;3;1480;1;0;4;18;2
497;498;VOODOO VENOM MACE;1;0;1;506;0;1176;0;0;2500;3;3;1480;1;0;7;20;2
498;499;TOTEMIC CLUBMACE;1;0;1;300;0;351;0;0;1500;3;3;1480;1;0;5;28;2
499;500;TOTEMIC RUNEMACE;1;0;1;298;0;349;0;0;30000;5;3;1480;1;0;8;30;4
500;501;HAMMER OF TOHROMIR;1;0;1;484;0;809;0;0;50000;8;3;1536;1;0;9;36;6
501;502;GIANT SPIKED CLUB;1;0;2;633;0;785;0;0;1000;1;4;1536;0;0;4;40;2
502;503;GREAT CRUSHER MACE;1;0;2;504;0;830;0;0;5000;2;4;1750;0;0;6;48;3
503;504;GREAT TOTEMIC MACE;1;0;2;299;0;350;0;0;50000;4;4;1750;0;0;6;38;5
504;505;WAR SPEAR;1;0;5;595;0;900;0;0;75;1;5;1792;0;0;1;16;1
505;506;WAR SPEAR +1;1;0;5;595;0;900;0;0;1250;3;5;1792;0;0;3;18;2
506;507;GOLDEN WAR SPEAR;1;0;5;594;0;899;0;0;5000;5;5;1792;0;0;6;20;4
507;508;NETHER IMPALER;1;0;5;592;0;897;0;0;2500;5;5;1792;0;0;8;22;2
508;509;DEMONIC IMPALER;1;0;5;591;0;896;0;0;50000;8;5;1792;0;0;10;24;4
509;510;SPEAR OF THE MAGUS;1;3;5;593;0;898;0;0;100000;9;5;1792;0;0;7;24;2
510;511;ZENBUTO;1;0;5;631;0;939;0;0;1000;1;6;1792;0;0;1;32;2
511;512;FUMATA-YARI;1;0;5;590;0;1177;0;0;10000;2;6;1792;0;0;5;36;3
512;513;CRESCENT POLEBLADE;1;0;5;518;0;838;0;0;15000;2;6;1792;0;0;4;38;1
513;514;GOLDEN FUMATA-YARI;1;0;5;589;0;1174;0;0;20000;6;6;1792;0;0;7;40;6
514;515;HALBERD;1;0;5;521;0;841;0;0;3500;2;6;1792;0;0;3;40;1
515;516;SILVER HALBERD;1;0;5;521;0;841;0;0;10000;5;6;1792;0;0;5;42;1
516;517;BLOOD REAPER;1;0;5;562;0;869;0;0;15000;6;6;1792;0;0;6;48;1
518;519;WINGED DESTROYER;1;0;5;520;0;840;0;0;25000;7;6;1792;0;0;7;45;1
519;520;ANGELIC DESTROYER;1;0;5;519;0;839;0;0;50000;14;6;1792;0;0;9;50;1
520;521;SCYTHE OF WINTER;1;0;5;563;0;870;0;0;100000;12;6;1792;0;0;10;54;1
521;522;SOUL HARVESTER;1;0;5;562;0;869;0;0;100000;16;6;1792;0;0;12;60;1
522;523;SAI;1;0;1;550;0;1178;0;0;50;1;2;1280;2;0;5;18;2
523;524;KAMA;1;0;1;488;0;813;0;0;50;1;2;1420;2;0;5;16;0
524;525;GOLDEN SAI;1;0;1;549;0;1175;0;0;1000;5;2;1280;2;0;7;20;4
525;526;KAMA OF THE MOON;1;0;1;487;0;812;0;0;1250;3;2;1420;2;0;7;20;0
526;527;KAMA OF THE FLAME;1;0;1;486;0;811;0;0;10000;3;2;1420;2;0;7;20;0
527;528;KAMA OF THE VOID;1;0;1;485;0;810;0;0;25000;5;2;1420;2;0;7;20;0
528;529;SHURIKEN;1;1;0;587;0;894;0;0;100;1;9;2048;5;0;5;0;0
530;531;GOLDEN SHURIKEN;1;1;0;585;0;892;0;0;3500;6;9;2048;5;0;9;0;3
531;532;VENOM SHURIKEN;1;1;0;588;0;895;0;0;2500;3;9;2048;5;0;6;0;3
532;533;SHURIKEN OF NIGHT;1;1;0;584;0;891;0;0;15000;5;9;2048;5;0;7;0;3
533;534;WINTER SHURIKEN;1;1;0;586;0;893;0;0;5000;4;9;2048;5;0;8;0;3
534;535;FROST SCEPTRE;1;0;1;554;0;864;0;0;2500;3;2;1280;1;0;7;18;0
535;536;SCEPTRE OF FIRE;1;3;1;556;0;866;0;0;5000;5;2;1280;1;0;5;20;0
536;537;SCEPTRE OF ICE;1;3;1;557;0;867;0;0;5000;5;2;1280;1;0;5;20;0
537;538;SCEPTRE OF EVIL;1;3;1;555;0;865;0;0;5000;7;2;1280;1;0;5;20;0
538;539;NETHER STAFF;1;0;1;597;0;902;0;0;5000;5;2;1280;1;0;7;18;0
539;540;SCEPTRE OF STORMS;1;3;1;558;0;868;0;0;20000;7;2;1280;1;0;5;20;0
540;541;SCEPTRE OF MAGIC;1;3;1;552;0;862;0;0;20000;6;2;1280;1;0;5;20;0
541;542;SCEPTRE OF SHADOWS;1;3;1;553;0;863;0;0;50000;6;2;1280;1;0;5;20;0
542;543;ELVEN SHORT BOW;1;2;0;17;0;30;0;0;100;2;10;2560;0;0;2;12;0
543;544;FATHIEN LONG BOW;1;2;0;456;0;766;0;0;500;2;10;4096;0;0;4;18;0
544;545;SPIKETIP ARROW;3;1;0;3;0;31;0;0;250;0;10;0;5;0;3;0;3
545;546;ELVEN SPIRIT BOW;1;2;0;455;0;765;0;0;1000;3;10;4096;0;0;4;16;0
546;547;SPIRIT ARROW;3;1;0;435;0;1173;0;0;1000;0;10;0;5;0;3;0;4
547;548;WAR BOW;1;2;0;464;0;773;0;0;500;2;10;4096;0;0;6;30;0
548;549;BARBED ARROW;3;1;0;433;0;1171;0;0;500;0;10;0;5;0;3;0;5
549;550;ELVEN VENOM BOW;1;2;0;458;0;768;0;0;2500;4;10;4096;0;0;5;22;0
550;551;SERPENT ARROW;3;1;0;436;0;1170;0;0;2500;0;10;0;5;0;3;0;3
551;552;ELVEN WINTER BOW;1;2;0;459;0;769;0;0;10000;6;10;4096;0;0;7;26;0
552;553;WINTER ARROW;3;1;0;435;0;1173;0;0;10000;0;10;0;5;0;3;0;4
553;554;WAR BOW OF FIRE;1;2;0;465;0;774;0;0;20000;5;10;4096;0;0;10;35;0
554;555;FLAME ARROW;3;1;0;433;0;1171;0;0;10000;0;10;0;5;0;3;0;5
555;556;MASTER BATTLE BOW;1;2;0;460;0;770;0;0;10000;3;10;4096;0;0;9;46;0
556;557;BATTLE ARROW;3;1;0;434;0;1172;0;0;10000;0;10;0;5;0;3;0;6
558;559;NECROTIC ARROW;3;1;0;436;0;1170;0;0;20000;0;10;0;5;0;3;0;6
559;560;BOW OF VINES;1;2;0;463;0;1179;0;0;50000;7;10;4096;0;0;8;38;0
560;561;ARROW OF VINES;3;1;0;436;0;1170;0;0;50000;0;10;0;5;0;3;0;6
561;562;BOW OF THE AVENGER;1;2;0;462;0;772;0;0;100000;9;10;4096;0;0;14;50;0
562;563;AVENGER ARROW;3;1;0;434;0;1172;0;0;100000;0;10;0;5;0;3;0;7
563;564;ELVEN WAR SHIELD;5;0;0;566;0;873;0;150;150;2;16;0;0;4;3;16;0
566;567;ELVEN SPIRIT BOW;1;2;0;455;0;765;0;0;1000;3;10;4096;0;0;4;16;0
567;568;TOTEM SHIELD;5;0;0;582;0;352;0;200;150;2;16;0;0;3;5;18;0
568;569;TURTLE SHIELD;5;0;0;583;0;890;0;100;150;2;16;0;0;3;4;26;0
569;570;TEMPLAR SHIELD;5;0;0;580;0;888;0;300;500;3;16;0;1;5;8;34;0
570;571;RUSTED KITE SHIELD;5;0;0;571;0;877;0;250;100;1;17;0;1;6;3;32;0
571;572;FATHIEN WAR SHIELD;5;0;0;573;0;881;0;300;250;2;17;0;1;7;3;30;0
572;573;SHIELD OF DEMONS;5;0;0;570;0;879;0;350;1000;4;17;0;1;8;5;44;0
573;574;SHIELD OF EVIL;5;0;0;630;0;880;0;400;2000;6;17;0;1;8;6;44;0
574;575;SHIELD OF SORROW;5;0;0;142;0;158;0;500;5000;7;17;0;2;10;8;58;0
575;576;SHIELD OF ANGUISH;5;0;0;581;0;889;0;500;5000;7;17;0;1;10;8;58;0
576;577;GRIFFON SHIELD;5;0;0;569;0;876;0;600;10000;9;17;0;0;10;6;32;0
578;579;INFERNAL RING;17;1;0;536;537;851;0;0;2500;5;0;0;0;0;0;0;0
579;580;RING OF THE FLAME;17;1;0;536;537;851;0;0;10000;7;0;0;0;0;0;0;0
580;581;BLACK VAPOR RING;17;1;0;542;543;854;0;0;10000;7;0;0;0;0;0;0;0
581;582;THE FUMING RING;17;1;0;542;543;854;0;0;10000;7;0;0;0;0;0;0;0
582;583;BLADE DANCER RING;17;1;0;528;529;847;0;0;2500;3;0;0;0;0;0;0;0
583;584;THE WARDING RING;17;1;0;526;527;846;0;0;20000;7;0;0;0;0;0;0;0
584;585;RING OF MOBILITY;17;1;0;528;529;847;0;0;1000;2;0;0;0;0;0;0;0
585;586;RING OF HORROR;17;1;0;546;547;856;0;0;5000;5;0;0;0;0;0;0;0
586;587;RING OF RUIN;17;1;0;540;541;853;0;0;10000;6;0;0;0;0;0;0;0
587;588;RING OF THE VOID;17;1;0;540;541;853;0;0;10000;7;0;0;0;0;0;0;0
588;589;COLDING RING;17;1;0;538;539;852;0;0;500;2;0;0;0;0;0;0;0
589;590;BURNING RING;17;1;0;536;537;851;0;0;500;2;0;0;0;0;0;0;0
590;591;THE WINTERING RING;17;1;0;538;539;852;0;0;10000;5;0;0;0;0;0;0;0
591;592;RING OF BLOOD;17;1;0;532;533;849;0;0;2500;3;0;0;0;0;0;0;0
592;593;VAMPIRE RING;17;1;0;532;533;849;0;0;25000;8;0;0;0;0;0;0;0
593;594;RING OF THE UNDEAD;17;1;0;544;545;855;0;0;5000;6;0;0;0;0;0;0;0
594;595;FANG AND CLAW;17;0;0;471;472;778;0;0;5000;4;0;0;0;0;0;0;0
595;596;CERBERUS BAND;17;0;0;471;472;778;0;0;20000;7;0;0;0;0;0;0;0
596;597;COIL OF THE VIPER;17;0;0;469;470;777;0;0;2000;4;0;0;0;0;0;0;0
598;599;WARRIOR'S CUFF;17;0;0;473;474;779;0;0;500;2;0;0;0;0;0;0;0
599;600;DARK PACT BRACELET;17;0;0;467;468;776;0;0;5000;12;0;0;0;0;0;0;0
600;601;CHARM OF NIGHT;17;0;0;507;508;832;0;0;500;2;0;0;0;0;0;0;0
601;602;WINGS OF NIGHT;17;0;0;507;508;832;0;0;1500;3;0;0;0;0;0;0;0
602;603;TALISMAN OF NIGHT;17;0;0;507;508;832;0;0;10000;6;0;0;0;0;0;0;0
603;604;BONE NECKLACE;17;0;0;513;514;835;0;0;500;2;0;0;0;0;0;0;0
604;605;VOODOO CHARM;17;0;0;513;514;835;0;0;5000;5;0;0;0;0;0;0;0
605;606;HEADHUNTER CHARM;17;0;0;513;514;835;0;0;5000;5;0;0;0;0;0;0;0
606;607;CHARM OF BLOOD;17;0;0;515;516;836;0;0;1000;3;0;0;0;0;0;0;0
607;608;WARD OF THE WITCH;17;0;0;515;516;836;0;0;25000;8;0;0;0;0;0;0;0
608;609;SKULL OF THE FIEND;17;0;0;511;512;834;0;0;25000;9;0;0;0;0;0;0;0
610;611;WARD OF THE GRAVE;17;0;0;467;468;776;0;0;10000;5;0;0;0;0;0;0;0
612;613;BRACER OF DEFENSE;17;0;0;473;474;779;0;0;2500;3;0;0;0;0;0;0;0
613;614;FORGESTONE;6;0;0;635;0;1182;0;0;0;0;0;0;0;0;0;0;0
614;615;MASTER LOCKPICKS;20;0;0;502;637;828;0;0;250;0;0;0;0;0;0;0;0
700;701;FOOTMAN'S HELM +1;4;5;1;124;0;91;0;75;250;3;12;0;0;3;3;12;0
701;702;KASA;4;5;5;400;0;554;0;80;50;1;12;0;0;1;1;10;0
703;704;WAR BOW OF ICE;1;2;0;466;0;775;0;0;20000;7;10;4096;0;0;10;35;0
704;705;ICE ARROW;3;1;0;435;0;1173;0;0;10000;0;10;0;5;0;3;0;4
705;706;GOLDEN KATANA;1;0;1;617;0;921;0;0;20000;7;3;1536;1;0;7;22;6
706;707;KASA OF DREAMS;4;5;5;400;0;554;0;500;20000;8;12;0;0;10;1;12;0
722;723;CLAW;1;0;0;0;0;0;0;0;0;0;0;1792;0;0;0;0;0
723;724;GOLD;14;0;0;14;0;27;0;0;50;0;0;0;0;0;0;0;0
724;725;GOLD;14;0;0;14;0;27;0;0;75;0;0;0;0;0;0;0;0
725;726;GOLD;14;0;0;14;0;27;0;0;150;0;0;0;0;0;0;0;0
726;727;GOLD;14;0;0;14;0;27;0;0;100;0;0;0;0;0;0;0;0
727;728;GOLD;14;0;0;14;0;27;0;0;300;0;0;0;0;0;0;0;0
728;729;GOLD;14;0;0;14;0;27;0;0;400;0;0;0;0;0;0;0;0
729;730;GOLD;14;0;0;14;0;27;0;0;500;0;0;0;0;0;0;0;0
730;731;GOLD;14;0;0;14;0;27;0;0;1000;0;0;0;0;0;0;0;0
912;913;SWORD OF FLAME;1;0;1;621;0;908;0;0;2500;0;3;1536;1;0;5;22;2
913;914;THUNDERIN' HAMMER;1;3;1;140;0;155;0;0;2500;0;3;1536;1;0;6;30;3
914;915;BLACK HELM;4;5;2;393;0;491;0;400;4000;3;14;0;0;9;5;40;0
915;916;GOLDEN HELM;4;5;2;394;0;500;0;500;7000;5;14;0;0;10;6;40;0
916;917;ELVENBLADE OF EYRE;1;0;1;22;0;39;0;0;10000;5;2;1420;1;0;7;16;3
917;918;WYRM BITE;1;0;0;0;0;0;0;0;0;0;0;1792;0;0;0;0;3
918;919;WYRM BITE;1;0;0;0;0;0;0;0;0;0;0;1792;0;0;0;0;0
919;920;FUNGUS BITE;1;0;0;0;0;0;0;0;0;0;0;1480;0;0;0;0;2
920;921;FUNGUS CLAW;1;0;0;0;0;0;0;0;0;0;0;1480;1;0;0;0;0
921;922;FUNGUS SHIELD;5;0;0;18;0;32;0;5000;0;0;15;0;0;3;0;0;0
922;923;SWAMP LOG;1;1;0;302;0;1213;0;0;1;0;9;3072;0;0;30;84;1
923;924;SWAMP CLAW;1;0;0;0;0;0;0;0;0;0;0;1748;0;0;0;0;0
924;925;MIMIC BITE;1;0;0;0;0;0;0;0;0;0;0;1780;0;0;0;0;5
925;926;MIMIC SHIELD;5;0;0;18;0;32;0;5000;0;0;15;0;0;5;0;0;0
926;927;DEVIL'S DUST;6;0;0;660;0;205;0;0;0;0;0;0;0;0;0;0;0
928;929;WORGLAW'S HEADRESS;4;5;1;26;0;1168;0;250;5000;0;0;0;0;5;0;0;0
929;930;SHAMAN'S BONE MASK;4;5;1;26;0;1169;0;150;2000;0;0;0;0;3;0;0;0
930;931;TROLL WARCLAW;1;0;0;0;0;0;0;0;0;0;0;1756;0;0;0;0;0
931;932;SM. SPIDER BITE;1;0;0;0;0;0;0;0;0;0;0;1380;2;0;0;0;0
932;933;CLAW;1;0;0;0;0;0;0;0;0;0;0;1536;1;0;0;0;0
933;934;UNDEAD BAT BITE;1;0;0;0;0;0;0;0;0;0;0;1152;2;0;0;0;0
934;935;RUBY RING;17;1;0;663;664;849;0;0;2000;0;0;0;0;0;0;0;0
935;936;EMMINDOR'S WOUND;0;0;0;28;0;34;0;0;0;0;0;0;0;0;0;0;0
936;937;FANGTIP BLADE +1;1;0;1;61;0;82;0;0;1000;4;3;1536;1;0;3;20;3
937;938;SHADOW LORD;0;0;0;667;0;834;0;0;0;0;0;0;0;0;0;0;0
938;939;SHADOW LORD AMULET;17;0;0;665;666;834;0;0;25000;9;0;0;0;0;0;0;0
940;941;BRIMGULDEN'S HORN;17;0;0;156;669;204;0;0;20000;0;0;0;0;0;0;0;0
941;942;ERLINMIR'S FLASK;6;0;0;670;0;1215;0;0;0;0;0;0;0;0;0;0;0
942;943;FLAMEBONE'S KEY;6;0;0;491;0;818;0;0;0;0;0;0;0;0;0;0;0
943;944;VAMPIRE'S HEART;6;0;0;187;0;235;0;0;0;0;0;0;0;0;0;0;0
944;945;VAMPIRE BITE;1;0;0;0;0;0;0;0;0;0;0;1536;0;0;0;0;0
945;946;KASA OF SPEED;4;5;5;400;0;554;0;250;10000;6;12;0;0;0;1;12;0
946;947;GRAEMARE'S CODEX;15;0;0;2;0;17;0;0;0;0;0;0;0;0;0;0;0
947;948;MOG'S TREASURE KEY;6;0;0;491;0;818;0;0;0;0;0;0;0;0;0;0;0
